CCI	/Users/yann/spx-app/sec-data/cat1-us/10K/2026/CCI_2026-02-23.htm.gz	2026	us
CCL	/Users/yann/spx-app/sec-data/cat1-us/10K/2026/CCL_2026-01-27.htm.gz	2026	us
CDNS	/Users/yann/spx-app/sec-data/cat1-us/10K/2026/CDNS_2026-02-19.htm.gz	2026	us
CDW	/Users/yann/spx-app/sec-data/cat1-us/10K/2026/CDW_2026-02-20.htm.gz	2026	us
CEG	/Users/yann/spx-app/sec-data/cat1-us/10K/2026/CEG_2026-02-24.htm.gz	2026	us
CF	/Users/yann/spx-app/sec-data/cat1-us/10K/2026/CF_2026-02-25.htm.gz	2026	us
CFG	/Users/yann/spx-app/sec-data/cat1-us/10K/2026/CFG_2026-02-12.htm.gz	2026	us
CGNX	/Users/yann/spx-app/sec-data/cat1-us/10K/2026/CGNX_2026-02-12.htm.gz	2026	us
CHD	/Users/yann/spx-app/sec-data/cat1-us/10K/2026/CHD_2026-02-12.htm.gz	2026	us
CHKP	/Users/yann/spx-app/sec-data/cat2-foreign-adr/20F/2026/CHKP_2026-03-31.htm.gz	2026	fpi
CHRW	/Users/yann/spx-app/sec-data/cat1-us/10K/2026/CHRW_2026-02-13.htm.gz	2026	us
CHTR	/Users/yann/spx-app/sec-data/cat1-us/10K/2026/CHTR_2026-01-30.htm.gz	2026	us
CHWY	/Users/yann/spx-app/sec-data/cat1-us/10K/2026/CHWY_2026-03-25.htm.gz	2026	us
CI	/Users/yann/spx-app/sec-data/cat1-us/10K/2026/CI_2026-02-26.htm.gz	2026	us
CIEN	/Users/yann/spx-app/sec-data/cat1-us/10K/2025/CIEN_2025-12-12.htm.gz	2025	us
CINF	/Users/yann/spx-app/sec-data/cat1-us/10K/2026/CINF_2026-02-23.htm.gz	2026	us
CL	/Users/yann/spx-app/sec-data/cat1-us/10K/2026/CL_2026-02-23.htm.gz	2026	us
CLNX.MC	/Users/yann/spx-app/sec-data/cat3-european/CLNX.MC/annual-text/2026.txt	2026	eu
CLX	/Users/yann/spx-app/sec-data/cat1-us/10K/2025/CLX_2025-08-08.htm.gz	2025	us
CMCSA	/Users/yann/spx-app/sec-data/cat1-us/10K/2026/CMCSA_2026-02-03.htm.gz	2026	us
CME	/Users/yann/spx-app/sec-data/cat1-us/10K/2026/CME_2026-02-26.htm.gz	2026	us
CMG	/Users/yann/spx-app/sec-data/cat1-us/10K/2026/CMG_2026-02-04.htm.gz	2026	us
CMI	/Users/yann/spx-app/sec-data/cat1-us/10K/2026/CMI_2026-02-10.htm.gz	2026	us
CMS	/Users/yann/spx-app/sec-data/cat1-us/10K/2026/CMS_2026-02-10.htm.gz	2026	us
CNA.L	/Users/yann/spx-app/sec-data/cat3-european/CNA.L/annual-text/2023.txt	2023	eu
CNC	/Users/yann/spx-app/sec-data/cat1-us/10K/2026/CNC_2026-02-17.htm.gz	2026	us
CNP	/Users/yann/spx-app/sec-data/cat1-us/10K/2026/CNP_2026-02-19.htm.gz	2026	us
COF	/Users/yann/spx-app/sec-data/cat1-us/10K/2026/COF_2026-02-19.htm.gz	2026	us
COFB.BR	/Users/yann/spx-app/sec-data/cat3-european/COFB.BR/annual-text/2026.txt	2026	eu
COHR	/Users/yann/spx-app/sec-data/cat1-us/10K/2025/COHR_2025-08-15.htm.gz	2025	us
COIN	/Users/yann/spx-app/sec-data/cat1-us/10K/2026/COIN_2026-02-12.htm.gz	2026	us
CON.DE	/Users/yann/spx-app/sec-data/cat3-european/CON.DE/annual-text/2026.txt	2026	eu
COO	/Users/yann/spx-app/sec-data/cat1-us/10K/2025/COO_2025-12-05.htm.gz	2025	us
COP	/Users/yann/spx-app/sec-data/cat1-us/10K/2026/COP_2026-02-17.htm.gz	2026	us
COR	/Users/yann/spx-app/sec-data/cat1-us/10K/2025/COR_2025-11-25.htm.gz	2025	us
COST	/Users/yann/spx-app/sec-data/cat1-us/10K/2025/COST_2025-10-08.htm.gz	2025	us
CPAY	/Users/yann/spx-app/sec-data/cat1-us/10K/2026/CPAY_2026-02-27.htm.gz	2026	us
CPB	/Users/yann/spx-app/sec-data/cat1-us/10K/2025/CPB_2025-09-18.htm.gz	2025	us
CPR.MI	/Users/yann/spx-app/sec-data/cat3-european/CPR.MI/annual-text/2023.txt	2023	eu
CPRT	/Users/yann/spx-app/sec-data/cat1-us/10K/2025/CPRT_2025-09-26.htm.gz	2025	us
CPT	/Users/yann/spx-app/sec-data/cat1-us/10K/2026/CPT_2026-02-12.htm.gz	2026	us
CRDA.L	/Users/yann/spx-app/sec-data/cat3-european/CRDA.L/annual-text/2025.txt	2025	eu
CRH	/Users/yann/spx-app/sec-data/cat1-us/10K/2026/CRH_2026-02-18.htm.gz	2026	us
CRL	/Users/yann/spx-app/sec-data/cat1-us/10K/2026/CRL_2026-02-18.htm.gz	2026	us
CRM	/Users/yann/spx-app/sec-data/cat1-us/10K/2026/CRM_2026-03-02.htm.gz	2026	us
CRWD	/Users/yann/spx-app/sec-data/cat1-us/10K/2026/CRWD_2026-03-05.htm.gz	2026	us
CRWV	/Users/yann/spx-app/sec-data/cat1-us/10K/2026/CRWV_2026-03-02.htm.gz	2026	us
CS.PA	/Users/yann/spx-app/sec-data/cat3-european/CS.PA/annual-text/2021.txt	2021	eu
CSCO	/Users/yann/spx-app/sec-data/cat1-us/10K/2025/CSCO_2025-09-03.htm.gz	2025	us
CSGP	/Users/yann/spx-app/sec-data/cat1-us/10K/2026/CSGP_2026-02-26.htm.gz	2026	us
CSX	/Users/yann/spx-app/sec-data/cat1-us/10K/2026/CSX_2026-02-12.htm.gz	2026	us
CTAS	/Users/yann/spx-app/sec-data/cat1-us/10K/2025/CTAS_2025-07-28.htm.gz	2025	us
CTEC.L	/Users/yann/spx-app/sec-data/cat3-european/CTEC.L/annual-text/2024.txt	2024	eu
CTRA	/Users/yann/spx-app/sec-data/cat1-us/10K/2026/CTRA_2026-02-27.htm.gz	2026	us
CTSH	/Users/yann/spx-app/sec-data/cat1-us/10K/2026/CTSH_2026-02-12.htm.gz	2026	us
CTVA	/Users/yann/spx-app/sec-data/cat1-us/10K/2026/CTVA_2026-02-12.htm.gz	2026	us
CVNA	/Users/yann/spx-app/sec-data/cat1-us/10K/2026/CVNA_2026-02-18.htm.gz	2026	us
CVS	/Users/yann/spx-app/sec-data/cat1-us/10K/2026/CVS_2026-02-10.htm.gz	2026	us
CVX	/Users/yann/spx-app/sec-data/cat1-us/10K/2026/CVX_2026-02-24.htm.gz	2026	us
CW	/Users/yann/spx-app/sec-data/cat1-us/10K/2026/CW_2026-02-12.htm.gz	2026	us
D	/Users/yann/spx-app/sec-data/cat1-us/10K/2026/D_2026-02-23.htm.gz	2026	us
DAL	/Users/yann/spx-app/sec-data/cat1-us/10K/2026/DAL_2026-02-11.htm.gz	2026	us
DANSKE.CO	/Users/yann/spx-app/sec-data/cat3-european/DANSKE.CO/annual-text/2024.txt	2024	eu
DASH	/Users/yann/spx-app/sec-data/cat1-us/10K/2026/DASH_2026-02-18.htm.gz	2026	us
DB1.DE	/Users/yann/spx-app/sec-data/cat3-european/DB1.DE/annual-text/2026.txt	2026	eu
DBK.DE	/Users/yann/spx-app/sec-data/cat3-european/DBK.DE/annual-text/2025.txt	2025	eu
DCC.L	/Users/yann/spx-app/sec-data/cat3-european/DCC.L/annual-text/2025.txt	2025	eu
DD	/Users/yann/spx-app/sec-data/cat1-us/10K/2026/DD_2026-02-17.htm.gz	2026	us
DDOG	/Users/yann/spx-app/sec-data/cat1-us/10K/2026/DDOG_2026-02-18.htm.gz	2026	us
DE	/Users/yann/spx-app/sec-data/cat1-us/10K/2025/DE_2025-12-18.htm.gz	2025	us
DECK	/Users/yann/spx-app/sec-data/cat1-us/10K/2025/DECK_2025-05-23.htm.gz	2025	us
DELL	/Users/yann/spx-app/sec-data/cat1-us/10K/2026/DELL_2026-03-16.htm.gz	2026	us
DG	/Users/yann/spx-app/sec-data/cat1-us/10K/2026/DG_2026-03-20.htm.gz	2026	us
DG.PA	/Users/yann/spx-app/sec-data/cat3-european/DG.PA/annual-text/2023.txt	2023	eu
DGE.L	/Users/yann/spx-app/sec-data/cat3-european/DGE.L/annual-text/2024.txt	2024	eu
DGX	/Users/yann/spx-app/sec-data/cat1-us/10K/2026/DGX_2026-02-26.htm.gz	2026	us
DHI	/Users/yann/spx-app/sec-data/cat1-us/10K/2025/DHI_2025-11-19.htm.gz	2025	us
DHR	/Users/yann/spx-app/sec-data/cat1-us/10K/2026/DHR_2026-02-24.htm.gz	2026	us
DIM.PA	/Users/yann/spx-app/sec-data/cat3-european/DIM.PA/annual-text/2026.txt	2026	eu
DINO	/Users/yann/spx-app/sec-data/cat1-us/10K/2026/DINO_2026-02-27.htm.gz	2026	us
DIS	/Users/yann/spx-app/sec-data/cat1-us/10K/2025/DIS_2025-11-13.htm.gz	2025	us
DKS	/Users/yann/spx-app/sec-data/cat1-us/10K/2026/DKS_2026-03-27.htm.gz	2026	us
DLR	/Users/yann/spx-app/sec-data/cat1-us/10K/2026/DLR_2026-02-13.htm.gz	2026	us
DLTR	/Users/yann/spx-app/sec-data/cat1-us/10K/2026/DLTR_2026-03-16.htm.gz	2026	us
DOC	/Users/yann/spx-app/sec-data/cat1-us/10K/2026/DOC_2026-02-03.htm.gz	2026	us
DOC.VI	/Users/yann/spx-app/sec-data/cat3-european/DOC.VI/annual-text/2024.txt	2024	eu
DOV	/Users/yann/spx-app/sec-data/cat1-us/10K/2026/DOV_2026-02-13.htm.gz	2026	us
DOW	/Users/yann/spx-app/sec-data/cat1-us/10K/2026/DOW_2026-02-03.htm.gz	2026	us
DPW.DE	/Users/yann/spx-app/sec-data/cat3-european/DPW.DE/annual-text/2023.txt	2023	eu
DPZ	/Users/yann/spx-app/sec-data/cat1-us/10K/2026/DPZ_2026-02-23.htm.gz	2026	us
DRI	/Users/yann/spx-app/sec-data/cat1-us/10K/2025/DRI_2025-07-18.htm.gz	2025	us
DSY.PA	/Users/yann/spx-app/sec-data/cat3-european/DSY.PA/annual-text/2023.txt	2023	eu
DTE	/Users/yann/spx-app/sec-data/cat1-us/10K/2026/DTE_2026-02-17.htm.gz	2026	us
DTE.DE	/Users/yann/spx-app/sec-data/cat3-european/DTE.DE/annual-text/2024.txt	2024	eu
DTEGF	/Users/yann/spx-app/sec-data/cat3-european/DTEGF/annual-text/2024.txt	2024	eu
DTEGY	/Users/yann/spx-app/sec-data/cat3-european/DTEGY/annual-text/2024.txt	2024	eu
DUK	/Users/yann/spx-app/sec-data/cat1-us/10K/2026/DUK_2026-02-26.htm.gz	2026	us
DVA	/Users/yann/spx-app/sec-data/cat1-us/10K/2026/DVA_2026-02-11.htm.gz	2026	us
DVN	/Users/yann/spx-app/sec-data/cat1-us/10K/2026/DVN_2026-02-18.htm.gz	2026	us
DXCM	/Users/yann/spx-app/sec-data/cat1-us/10K/2026/DXCM_2026-02-12.htm.gz	2026	us
DY	/Users/yann/spx-app/sec-data/cat1-us/10K/2026/DY_2026-03-09.htm.gz	2026	us
EA	/Users/yann/spx-app/sec-data/cat1-us/10K/2025/EA_2025-05-13.htm.gz	2025	us
EBAY	/Users/yann/spx-app/sec-data/cat1-us/10K/2026/EBAY_2026-02-19.htm.gz	2026	us
ECL	/Users/yann/spx-app/sec-data/cat1-us/10K/2026/ECL_2026-02-23.htm.gz	2026	us
ED	/Users/yann/spx-app/sec-data/cat1-us/10K/2026/ED_2026-02-19.htm.gz	2026	us
EDP.LS	/Users/yann/spx-app/sec-data/cat3-european/EDP.LS/annual-text/2026.txt	2026	eu
EDPFY	/Users/yann/spx-app/sec-data/cat3-european/EDPFY/annual-text/2026.txt	2026	eu
EFX	/Users/yann/spx-app/sec-data/cat1-us/10K/2026/EFX_2026-02-19.htm.gz	2026	us
EG	/Users/yann/spx-app/sec-data/cat1-us/10K/2026/EG_2026-02-26.htm.gz	2026	us
EIPAF	/Users/yann/spx-app/sec-data/cat2-foreign-adr/20F/2026/EIPAF_2026-03-23.htm.gz	2026	fpi
EIX	/Users/yann/spx-app/sec-data/cat1-us/10K/2026/EIX_2026-02-18.htm.gz	2026	us
EL	/Users/yann/spx-app/sec-data/cat1-us/10K/2025/EL_2025-08-20.htm.gz	2025	us
ELAN	/Users/yann/spx-app/sec-data/cat1-us/10K/2026/ELAN_2026-02-24.htm.gz	2026	us
ELV	/Users/yann/spx-app/sec-data/cat1-us/10K/2026/ELV_2026-02-06.htm.gz	2026	us
EME	/Users/yann/spx-app/sec-data/cat1-us/10K/2026/EME_2026-02-26.htm.gz	2026	us
EMR	/Users/yann/spx-app/sec-data/cat1-us/10K/2025/EMR_2025-11-10.htm.gz	2025	us
ENGI.PA	/Users/yann/spx-app/sec-data/cat3-european/ENGI.PA/annual-text/2024.txt	2024	eu
ENR.DE	/Users/yann/spx-app/sec-data/cat3-european/ENR.DE/annual-text/2026.txt	2026	eu
ENTG	/Users/yann/spx-app/sec-data/cat1-us/10K/2026/ENTG_2026-02-11.htm.gz	2026	us
EOAN.DE	/Users/yann/spx-app/sec-data/cat3-european/EOAN.DE/annual-text/2023.txt	2023	eu
EOG	/Users/yann/spx-app/sec-data/cat1-us/10K/2026/EOG_2026-02-24.htm.gz	2026	us
EPAM	/Users/yann/spx-app/sec-data/cat1-us/10K/2026/EPAM_2026-02-26.htm.gz	2026	us
EQIX	/Users/yann/spx-app/sec-data/cat1-us/10K/2026/EQIX_2026-02-11.htm.gz	2026	us
EQNR.OL	/Users/yann/spx-app/sec-data/cat3-european/EQNR.OL/annual-text/2023.txt	2023	eu
EQR	/Users/yann/spx-app/sec-data/cat1-us/10K/2026/EQR_2026-02-13.htm.gz	2026	us
EQT	/Users/yann/spx-app/sec-data/cat1-us/10K/2026/EQT_2026-02-18.htm.gz	2026	us
ERF.PA	/Users/yann/spx-app/sec-data/cat3-european/ERF.PA/annual-text/2023.txt	2023	eu
ERIE	/Users/yann/spx-app/sec-data/cat1-us/10K/2026/ERIE_2026-02-23.htm.gz	2026	us
ES	/Users/yann/spx-app/sec-data/cat1-us/10K/2026/ES_2026-02-17.htm.gz	2026	us
ESS	/Users/yann/spx-app/sec-data/cat1-us/10K/2026/ESS_2026-02-20.htm.gz	2026	us
ETN	/Users/yann/spx-app/sec-data/cat1-us/10K/2026/ETN_2026-02-26.htm.gz	2026	us
ETR	/Users/yann/spx-app/sec-data/cat1-us/10K/2026/ETR_2026-02-19.htm.gz	2026	us
EVRG	/Users/yann/spx-app/sec-data/cat1-us/10K/2026/EVRG_2026-02-19.htm.gz	2026	us
EW	/Users/yann/spx-app/sec-data/cat1-us/10K/2026/EW_2026-02-25.htm.gz	2026	us
EXC	/Users/yann/spx-app/sec-data/cat1-us/10K/2026/EXC_2026-02-12.htm.gz	2026	us
EXE	/Users/yann/spx-app/sec-data/cat1-us/10K/2026/EXE_2026-02-18.htm.gz	2026	us
EXPD	/Users/yann/spx-app/sec-data/cat1-us/10K/2026/EXPD_2026-02-25.htm.gz	2026	us
EXPE	/Users/yann/spx-app/sec-data/cat1-us/10K/2026/EXPE_2026-02-13.htm.gz	2026	us
EXPN.L	/Users/yann/spx-app/sec-data/cat3-european/EXPN.L/annual-text/2015.txt	2015	eu
EXR	/Users/yann/spx-app/sec-data/cat1-us/10K/2026/EXR_2026-02-20.htm.gz	2026	us
F	/Users/yann/spx-app/sec-data/cat1-us/10K/2026/F_2026-02-11.htm.gz	2026	us
FANG	/Users/yann/spx-app/sec-data/cat1-us/10K/2026/FANG_2026-02-25.htm.gz	2026	us
FAST	/Users/yann/spx-app/sec-data/cat1-us/10K/2026/FAST_2026-02-05.htm.gz	2026	us
FCX	/Users/yann/spx-app/sec-data/cat1-us/10K/2026/FCX_2026-02-13.htm.gz	2026	us
FDS	/Users/yann/spx-app/sec-data/cat1-us/10K/2025/FDS_2025-10-22.htm.gz	2025	us
FDX	/Users/yann/spx-app/sec-data/cat1-us/10K/2025/FDX_2025-07-21.htm.gz	2025	us
FE	/Users/yann/spx-app/sec-data/cat1-us/10K/2026/FE_2026-02-18.htm.gz	2026	us
FFIV	/Users/yann/spx-app/sec-data/cat1-us/10K/2025/FFIV_2025-11-25.htm.gz	2025	us
FHN	/Users/yann/spx-app/sec-data/cat1-us/10K/2026/FHN_2026-02-26.htm.gz	2026	us
FICO	/Users/yann/spx-app/sec-data/cat1-us/10K/2025/FICO_2025-11-07.htm.gz	2025	us
FIS	/Users/yann/spx-app/sec-data/cat1-us/10K/2026/FIS_2026-02-24.htm.gz	2026	us
FISV	/Users/yann/spx-app/sec-data/cat1-us/10K/2026/FISV_2026-02-19.htm.gz	2026	us
FITB	/Users/yann/spx-app/sec-data/cat1-us/10K/2026/FITB_2026-02-24.htm.gz	2026	us
FIX	/Users/yann/spx-app/sec-data/cat1-us/10K/2026/FIX_2026-02-19.htm.gz	2026	us
FLTR.L	/Users/yann/spx-app/sec-data/cat3-european/FLTR.L/annual-text/2025.txt	2025	eu
FORTUM.HE	/Users/yann/spx-app/sec-data/cat3-european/FORTUM.HE/annual-text/2024.txt	2024	eu
FOX	/Users/yann/spx-app/sec-data/cat1-us/10K/2025/FOX_2025-08-06.htm.gz	2025	us
