ticker,country,complete,completion_pct,missing
9984.T,JP,non,67,ir_page_snapshot
A,US,non,60,ir_page_snapshot|home_page_snapshot
AAPL,US,OUI,100,
ABBN.SW,EU,OUI,100,
ABBNY,FPI,OUI,100,
ABBV,US,non,60,ir_page_snapshot|home_page_snapshot
ABF.L,UK,non,67,ir_page_snapshot
ABLZF,FPI,OUI,100,
ABNB,US,non,80,ir_page_snapshot
ABT,US,OUI,100,
ABVX,FPI,non,67,ir_page_snapshot
ACGL,US,non,80,ir_page_snapshot
ACN,US,non,80,ir_page_snapshot
ADBE,US,non,60,ir_page_snapshot|home_page_snapshot
ADI,US,non,60,ir_page_snapshot|home_page_snapshot
ADM,US,OUI,100,
ADP,US,non,60,ir_page_snapshot|home_page_snapshot
ADSK,US,non,80,ir_page_snapshot
ADTTF,FPI,OUI,100,
ADYEN.AS,EU,OUI,100,
AEE,US,non,60,ir_page_snapshot|home_page_snapshot
AEP,US,OUI,100,
AES,US,OUI,100,
AFL,US,non,80,ir_page_snapshot
AGN.AS,EU,non,33,ir_page_snapshot|home_page_snapshot
AIG,US,OUI,100,
AIZ,US,non,80,ir_page_snapshot
AJG,US,non,60,ir_page_snapshot|home_page_snapshot
AKAM,US,non,60,ir_page_snapshot|home_page_snapshot
AKZA.AS,EU,OUI,100,
ALB,US,OUI,100,
ALGN,US,non,80,ir_page_snapshot
ALL,US,non,80,ir_page_snapshot
ALLE,US,OUI,100,
AMAT,US,non,60,ir_page_snapshot|home_page_snapshot
AMCR,US,OUI,100,
AMD,US,OUI,100,
AME,US,OUI,100,
AMGN,US,non,80,ir_page_snapshot
AMP,US,OUI,100,
AMT,US,non,60,ir_page_snapshot|home_page_snapshot
AMUN.PA,EU,non,67,ir_page_snapshot
AMZN,US,non,80,home_page_snapshot
ANA.MC,EU,OUI,100,
ANET,US,non,80,ir_page_snapshot
AON,US,OUI,100,
AOS,US,OUI,100,
APA,US,non,80,ir_page_snapshot
APD,US,non,80,ir_page_snapshot
APH,US,non,60,ir_page_snapshot|home_page_snapshot
APO,US,non,80,ir_page_snapshot
APP,US,OUI,100,
APTV,US,non,80,ir_page_snapshot
ARE,US,non,60,ir_page_snapshot|home_page_snapshot
ARES,US,non,80,ir_page_snapshot
ARGX,FPI,OUI,100,
ARM,FPI,OUI,100,
ASML,FPI,OUI,100,
ASMLF,FPI,OUI,100,
ATCO-A.ST,EU,OUI,100,
ATEYY,FPI,OUI,100,
ATO,US,non,80,ir_page_snapshot
AV.L,UK,OUI,100,
AVB,US,non,80,ir_page_snapshot
AVGO,US,non,80,ir_page_snapshot
AVY,US,OUI,100,
AWK,US,non,80,ir_page_snapshot
AXON,US,non,80,ir_page_snapshot
AXP,US,non,80,ir_page_snapshot
AZN.ST,EU,OUI,100,
AZO,US,non,60,ir_page_snapshot|home_page_snapshot
BA,US,OUI,100,
BA.L,UK,non,33,ir_page_snapshot|home_page_snapshot
BAC,US,OUI,100,
BALL,US,OUI,100,
BARC.L,UK,OUI,100,
BAX,US,OUI,100,
BBVA.MC,EU,non,67,ir_page_snapshot
BBVXF,FPI,non,67,ir_page_snapshot
BBY,US,non,80,ir_page_snapshot
BCLYF,FPI,OUI,100,
BCP.LS,EU,non,67,ir_page_snapshot
BDX,US,OUI,100,
BEN,US,OUI,100,
BESI.AS,EU,OUI,100,
BF.B,US,non,0,annual_report|quarterly_report|proxy_statement|ir_page_snapshot|home_page_snapshot
BG,US,non,60,ir_page_snapshot|home_page_snapshot
BIIB,US,non,80,ir_page_snapshot
BIP,FPI,OUI,100,
BJ,US,non,60,ir_page_snapshot|home_page_snapshot
BK,US,non,80,ir_page_snapshot
BKNG,US,non,80,ir_page_snapshot
BKR,US,non,60,ir_page_snapshot|home_page_snapshot
BLDR,US,non,80,ir_page_snapshot
BLK,US,non,80,ir_page_snapshot
BMRN,US,non,80,ir_page_snapshot
BMY,US,OUI,100,
BN.PA,EU,OUI,100,
BNT,FPI,OUI,100,
BP,FPI,OUI,100,
BP.L,UK,OUI,100,
BPAQF,FPI,OUI,100,
BR,US,non,80,ir_page_snapshot
BRK.B,US,non,0,annual_report|quarterly_report|proxy_statement|ir_page_snapshot|home_page_snapshot
BRO,US,non,80,ir_page_snapshot
BSX,US,OUI,100,
BSY,US,non,60,ir_page_snapshot|home_page_snapshot
BTAFF,FPI,OUI,100,
BUD,FPI,OUI,100,
BURL,US,OUI,100,
BVI.PA,EU,OUI,100,
BWA,US,OUI,100,
BX,US,non,80,proxy_statement
BXP,US,non,80,ir_page_snapshot
C,US,non,80,ir_page_snapshot
CA.PA,EU,non,67,ir_page_snapshot
CAG,US,OUI,100,
CAH,US,non,60,ir_page_snapshot|home_page_snapshot
CARR,US,OUI,100,
CASY,US,non,60,ir_page_snapshot|home_page_snapshot
CAT,US,non,60,ir_page_snapshot|home_page_snapshot
CAVA,US,non,60,ir_page_snapshot|home_page_snapshot
CB,US,non,80,ir_page_snapshot
CBOE,US,non,80,ir_page_snapshot
CBRE,US,non,60,ir_page_snapshot|home_page_snapshot
CCEP,FPI,non,33,ir_page_snapshot|home_page_snapshot
CCH.L,UK,non,67,ir_page_snapshot
CCI,US,non,80,ir_page_snapshot
CCL,US,OUI,100,
CDNS,US,non,60,ir_page_snapshot|home_page_snapshot
CDW,US,OUI,100,
CEG,US,non,80,ir_page_snapshot
CF,US,non,80,ir_page_snapshot
CFG,US,non,80,ir_page_snapshot
CGNX,US,non,60,ir_page_snapshot|home_page_snapshot
CHD,US,OUI,100,
CHKP,FPI,OUI,100,
CHRW,US,OUI,100,
CHTR,US,non,80,ir_page_snapshot
CHWY,US,non,60,ir_page_snapshot|home_page_snapshot
CI,US,non,80,ir_page_snapshot
CIEN,US,OUI,100,
CINF,US,OUI,100,
CL,US,non,60,ir_page_snapshot|home_page_snapshot
CLNX.MC,EU,OUI,100,
CLX,US,non,80,ir_page_snapshot
CMCSA,US,non,80,ir_page_snapshot
CME,US,non,60,ir_page_snapshot|home_page_snapshot
CMG,US,non,80,ir_page_snapshot
CMI,US,non,60,ir_page_snapshot|home_page_snapshot
CMS,US,non,80,ir_page_snapshot
CNA.L,UK,non,33,ir_page_snapshot|home_page_snapshot
CNC,US,OUI,100,
CNP,US,non,80,ir_page_snapshot
COF,US,OUI,100,
COHR,US,non,80,ir_page_snapshot
COIN,US,non,60,ir_page_snapshot|home_page_snapshot
COO,US,OUI,100,
COP,US,OUI,100,
COR,US,non,80,ir_page_snapshot
COST,US,non,80,ir_page_snapshot
CPAY,US,non,80,ir_page_snapshot
CPB,US,non,80,ir_page_snapshot
CPRT,US,non,80,ir_page_snapshot
CPT,US,OUI,100,
CRH,FPI,OUI,100,
CRL,US,non,60,ir_page_snapshot|home_page_snapshot
CRM,US,OUI,100,
CRWD,US,non,80,ir_page_snapshot
CRWV,US,non,80,ir_page_snapshot
CS.PA,EU,OUI,100,
CSCO,US,non,80,ir_page_snapshot
CSGP,US,non,60,ir_page_snapshot|home_page_snapshot
CSX,US,non,60,ir_page_snapshot|home_page_snapshot
CTAS,US,OUI,100,
CTRA,US,non,80,ir_page_snapshot
CTSH,US,OUI,100,
CTVA,US,non,80,ir_page_snapshot
CVNA,US,non,60,ir_page_snapshot|home_page_snapshot
CVS,US,non,80,ir_page_snapshot
CVX,US,OUI,100,
CW,US,OUI,100,
D,US,non,80,ir_page_snapshot
DAL,US,OUI,100,
DANSKE.CO,EU,OUI,100,
DASH,US,non,60,ir_page_snapshot|home_page_snapshot
DD,US,non,80,ir_page_snapshot
DDOG,US,non,80,ir_page_snapshot
DE,US,non,80,ir_page_snapshot
DECK,US,non,80,ir_page_snapshot
DELL,US,OUI,100,
DG,US,non,60,ir_page_snapshot|home_page_snapshot
DG.PA,EU,OUI,100,
DGE.L,UK,OUI,100,
DGX,US,OUI,100,
DHI,US,OUI,100,
DHR,US,non,80,ir_page_snapshot
DIM.PA,EU,non,67,ir_page_snapshot
DINO,US,non,80,ir_page_snapshot
DIS,US,OUI,100,
DKS,US,non,60,ir_page_snapshot|home_page_snapshot
DLR,US,non,80,ir_page_snapshot
DLTR,US,OUI,100,
DOC,US,non,80,ir_page_snapshot
DOV,US,non,60,ir_page_snapshot|home_page_snapshot
DOW,US,non,60,ir_page_snapshot|home_page_snapshot
DPZ,US,OUI,100,
DRI,US,non,80,ir_page_snapshot
DTE,US,non,80,ir_page_snapshot
DTEGF,FPI,OUI,100,
DTEGY,FPI,OUI,100,
DUK,US,non,60,ir_page_snapshot|home_page_snapshot
DVA,US,OUI,100,
DVN,US,non,80,ir_page_snapshot
DXCM,US,OUI,100,
DY,US,non,80,ir_page_snapshot
EA,US,non,80,ir_page_snapshot
EBAY,US,non,60,ir_page_snapshot|home_page_snapshot
ECL,US,non,60,ir_page_snapshot|home_page_snapshot
ED,US,non,80,ir_page_snapshot
EDP.LS,EU,OUI,100,
EDPFY,FPI,OUI,100,
EFX,US,non,80,ir_page_snapshot
EG,US,OUI,100,
EIPAF,FPI,non,67,ir_page_snapshot
EIX,US,OUI,100,
EL,US,OUI,100,
ELAN,US,OUI,100,
ELV,US,non,80,ir_page_snapshot
EME,US,OUI,100,
EMR,US,OUI,100,
ENTG,US,non,80,ir_page_snapshot
EOG,US,OUI,100,
EPAM,US,non,60,ir_page_snapshot|home_page_snapshot
EQIX,US,OUI,100,
EQNR.OL,EU,OUI,100,
EQR,US,non,60,ir_page_snapshot|home_page_snapshot
EQT,US,non,80,ir_page_snapshot
ERF.PA,EU,OUI,100,
ERIE,US,non,80,proxy_statement
ES,US,non,60,ir_page_snapshot|home_page_snapshot
ESS,US,non,60,ir_page_snapshot|home_page_snapshot
ETN,US,non,60,ir_page_snapshot|home_page_snapshot
ETR,US,non,80,ir_page_snapshot
EVRG,US,non,60,ir_page_snapshot|home_page_snapshot
EW,US,OUI,100,
EXC,US,non,80,ir_page_snapshot
EXE,US,OUI,100,
EXPD,US,OUI,100,
EXPE,US,OUI,100,
EXR,US,non,60,ir_page_snapshot|home_page_snapshot
F,US,non,60,ir_page_snapshot|home_page_snapshot
FANG,US,non,60,ir_page_snapshot|home_page_snapshot
FAST,US,non,60,ir_page_snapshot|home_page_snapshot
FCX,US,non,80,ir_page_snapshot
FDS,US,non,80,ir_page_snapshot
FDX,US,non,80,ir_page_snapshot
FE,US,OUI,100,
FFIV,US,OUI,100,
FHN,US,OUI,100,
FICO,US,OUI,100,
FIS,US,non,60,ir_page_snapshot|home_page_snapshot
FISV,US,non,60,ir_page_snapshot|home_page_snapshot
FITB,US,non,80,ir_page_snapshot
FIX,US,non,80,ir_page_snapshot
FLTR.L,UK,OUI,100,
FORTUM.HE,EU,OUI,100,
FOX,US,OUI,100,
FOXA,US,OUI,100,
FRE.DE,EU,OUI,100,
FRES.L,UK,OUI,100,
FRT,US,OUI,100,
FSLR,US,OUI,100,
FTNT,US,non,80,ir_page_snapshot
FTV,US,non,80,ir_page_snapshot
FUTU,FPI,non,67,ir_page_snapshot
GD,US,non,80,ir_page_snapshot
GDDY,US,non,60,ir_page_snapshot|home_page_snapshot
GE,US,OUI,100,
GEHC,US,non,80,ir_page_snapshot
GEN,US,non,80,ir_page_snapshot
GEV,US,OUI,100,
GILD,US,non,80,ir_page_snapshot
GIS,US,non,80,ir_page_snapshot
GL,US,OUI,100,
GLEN.L,UK,OUI,100,
GLPI,US,OUI,100,
GLW,US,non,60,ir_page_snapshot|home_page_snapshot
GM,US,non,80,ir_page_snapshot
GNRC,US,OUI,100,
GOOG,US,non,60,ir_page_snapshot|home_page_snapshot
GOOGL,US,non,60,ir_page_snapshot|home_page_snapshot
GPC,US,non,80,ir_page_snapshot
GPN,US,non,60,ir_page_snapshot|home_page_snapshot
GRAB,FPI,OUI,100,
GRMN,US,OUI,100,
GS,US,OUI,100,
GWW,US,non,80,ir_page_snapshot
HAL,US,non,80,ir_page_snapshot
HAS,US,non,80,ir_page_snapshot
HBAN,US,non,60,ir_page_snapshot|home_page_snapshot
HCA,US,OUI,100,
HD,US,non,60,ir_page_snapshot|home_page_snapshot
HEN.DE,EU,OUI,100,
HEXA-B.ST,EU,non,33,ir_page_snapshot|home_page_snapshot
HIG,US,non,80,ir_page_snapshot
HII,US,non,80,ir_page_snapshot
HLI,US,non,60,ir_page_snapshot|home_page_snapshot
HLN.L,UK,non,67,ir_page_snapshot
HLT,US,non,60,ir_page_snapshot|home_page_snapshot
HON,US,OUI,100,
HOOD,US,OUI,100,
HPE,US,non,60,ir_page_snapshot|home_page_snapshot
HPQ,US,non,80,ir_page_snapshot
HRL,US,non,80,ir_page_snapshot
HSIC,US,non,80,ir_page_snapshot
HST,US,OUI,100,
HSY,US,OUI,100,
HUBB,US,non,80,ir_page_snapshot
HUM,US,non,80,ir_page_snapshot
HWM,US,OUI,100,
IBKR,US,non,80,ir_page_snapshot
IBM,US,OUI,100,
ICE,US,OUI,100,
IDXX,US,OUI,100,
IEX,US,OUI,100,
IFF,US,non,60,ir_page_snapshot|home_page_snapshot
III.L,UK,non,33,ir_page_snapshot|home_page_snapshot
ILMN,US,non,80,ir_page_snapshot
INCY,US,non,80,ir_page_snapshot
INGA.AS,EU,OUI,100,
INTC,US,non,60,ir_page_snapshot|home_page_snapshot
INTU,US,OUI,100,
INVH,US,non,80,ir_page_snapshot
IP,US,OUI,100,
IQV,US,OUI,100,
IR,US,non,60,ir_page_snapshot|home_page_snapshot
IRM,US,non,60,ir_page_snapshot|home_page_snapshot
ISP.MI,EU,non,67,ir_page_snapshot
ISRG,US,non,60,ir_page_snapshot|home_page_snapshot
IT,US,non,60,ir_page_snapshot|home_page_snapshot
ITRK.L,UK,OUI,100,
ITW,US,non,80,ir_page_snapshot
IVZ,US,OUI,100,
J,US,non,80,ir_page_snapshot
JAZZ,US,non,80,ir_page_snapshot
JBHT,US,non,80,ir_page_snapshot
JBL,US,non,80,ir_page_snapshot
JCI,US,OUI,100,
JDEP.AS,EU,OUI,100,
JEF,US,non,80,ir_page_snapshot
JKHY,US,non,80,ir_page_snapshot
JNJ,US,non,60,ir_page_snapshot|home_page_snapshot
JPM,US,OUI,100,
KDP,US,OUI,100,
KER.PA,EU,non,67,ir_page_snapshot
KESKOB.HE,EU,OUI,100,
KEY,US,non,60,ir_page_snapshot|home_page_snapshot
KEYS,US,non,60,ir_page_snapshot|home_page_snapshot
KHC,US,non,80,ir_page_snapshot
KIM,US,OUI,100,
KKR,US,OUI,100,
KLAC,US,OUI,100,
KMB,US,non,60,ir_page_snapshot|home_page_snapshot
KMI,US,non,80,ir_page_snapshot
KO,US,OUI,100,
KOG.OL,EU,OUI,100,
KR,US,non,80,ir_page_snapshot
KVUE,US,non,80,ir_page_snapshot
L,US,non,80,ir_page_snapshot
LDOS,US,non,80,ir_page_snapshot
LEN,US,non,60,ir_page_snapshot|home_page_snapshot
LH,US,OUI,100,
LHX,US,OUI,100,
LI.PA,EU,OUI,100,
LII,US,OUI,100,
LIN,US,OUI,100,
LITE,US,OUI,100,
LLY,US,non,60,ir_page_snapshot|home_page_snapshot
LMT,US,non,80,ir_page_snapshot
LNT,US,OUI,100,
LOGN.SW,EU,non,67,ir_page_snapshot
LONN.SW,EU,non,33,ir_page_snapshot|home_page_snapshot
LOW,US,OUI,100,
LRCX,US,OUI,100,
LULU,US,OUI,100,
LUV,US,non,80,ir_page_snapshot
LVS,US,non,60,ir_page_snapshot|home_page_snapshot
LYB,US,non,80,ir_page_snapshot
LYV,US,OUI,100,
MA,US,non,60,ir_page_snapshot|home_page_snapshot
MAA,US,non,80,ir_page_snapshot
MAP.MC,EU,non,67,ir_page_snapshot
MAR,US,non,60,ir_page_snapshot|home_page_snapshot
MAS,US,non,80,ir_page_snapshot
MB.MI,EU,OUI,100,
MCD,US,non,80,ir_page_snapshot
MCHP,US,non,60,ir_page_snapshot|home_page_snapshot
MCK,US,non,80,ir_page_snapshot
MCO,US,non,80,ir_page_snapshot
MDLZ,US,OUI,100,
MDT,US,non,80,ir_page_snapshot
MEDP,US,non,80,ir_page_snapshot
MET,US,non,80,ir_page_snapshot
META,US,non,60,ir_page_snapshot|home_page_snapshot
MGM,US,non,60,ir_page_snapshot|home_page_snapshot
MKC,US,non,80,ir_page_snapshot
MKSI,US,non,80,ir_page_snapshot
MLM,US,OUI,100,
MMM,US,non,80,ir_page_snapshot
MNST,US,non,60,ir_page_snapshot|home_page_snapshot
MO,US,OUI,100,
MOS,US,OUI,100,
MPC,US,non,60,ir_page_snapshot|home_page_snapshot
MPWR,US,non,80,ir_page_snapshot
MRK,US,non,60,ir_page_snapshot|home_page_snapshot
MRK.DE,EU,OUI,100,
MRNA,US,non,80,ir_page_snapshot
MRSH,US,OUI,100,
MS,US,non,80,ir_page_snapshot
MSCI,US,non,80,ir_page_snapshot
MSFT,US,OUI,100,
MSI,US,OUI,100,
MSTR,US,OUI,100,
MTB,US,non,80,ir_page_snapshot
MTD,US,non,60,ir_page_snapshot|home_page_snapshot
MU,US,non,80,ir_page_snapshot
MUFG,FPI,non,67,ir_page_snapshot
MUV2.DE,EU,non,67,ir_page_snapshot
NBIX,US,OUI,100,
NCLH,US,OUI,100,
NDA-DK.CO,EU,OUI,100,
NDA-FI.HE,EU,OUI,100,
NDA-SE.ST,EU,OUI,100,
NDAQ,US,non,80,ir_page_snapshot
NDSN,US,non,60,ir_page_snapshot|home_page_snapshot
NEE,US,non,80,ir_page_snapshot
NEM,US,non,80,ir_page_snapshot
NESTE.HE,EU,OUI,100,
NFLX,US,non,80,home_page_snapshot
NG.L,UK,OUI,100,
NHY.OL,EU,OUI,100,
NI,US,OUI,100,
NKE,US,non,80,ir_page_snapshot
NLY,US,OUI,100,
NMR,FPI,OUI,100,
NN.AS,EU,OUI,100,
NOC,US,OUI,100,
NOKIA.HE,EU,OUI,100,
NOW,US,non,60,ir_page_snapshot|home_page_snapshot
NRG,US,non,80,ir_page_snapshot
NSC,US,OUI,100,
NTAP,US,non,60,ir_page_snapshot|home_page_snapshot
NTNX,US,non,80,ir_page_snapshot
NTRS,US,OUI,100,
NUE,US,OUI,100,
NVDA,US,non,80,ir_page_snapshot
NVR,US,non,80,ir_page_snapshot
NVS,FPI,OUI,100,
NWG.L,UK,OUI,100,
NWS,US,OUI,100,
NWSA,US,OUI,100,
NXPI,FPI,non,33,ir_page_snapshot|home_page_snapshot
NYT,US,OUI,100,
O,US,OUI,100,
ODFL,US,OUI,100,
OHI,US,OUI,100,
OKE,US,non,80,ir_page_snapshot
OMC,US,non,80,ir_page_snapshot
ON,US,non,60,ir_page_snapshot|home_page_snapshot
ONTO,US,non,80,ir_page_snapshot
OR.PA,EU,OUI,100,
ORCL,US,non,60,ir_page_snapshot|home_page_snapshot
ORLY,US,non,60,ir_page_snapshot|home_page_snapshot
OSK,US,OUI,100,
OTIS,US,OUI,100,
OXY,US,OUI,100,
PAH3.DE,EU,OUI,100,
PANW,US,non,80,ir_page_snapshot
PAYX,US,OUI,100,
PBR,FPI,non,67,ir_page_snapshot
PCAR,US,OUI,100,
PCG,US,OUI,100,
PEG,US,non,60,ir_page_snapshot|home_page_snapshot
PEP,US,OUI,100,
PFE,US,OUI,100,
PFG,US,non,80,ir_page_snapshot
PG,US,non,80,ir_page_snapshot
PGR,US,non,80,ir_page_snapshot
PH,US,non,60,ir_page_snapshot|home_page_snapshot
PHIA.AS,EU,OUI,100,
PHM,US,non,60,ir_page_snapshot|home_page_snapshot
PKG,US,non,80,ir_page_snapshot
PLD,US,non,60,ir_page_snapshot|home_page_snapshot
PLTR,US,OUI,100,
PM,US,OUI,100,
PNC,US,non,60,ir_page_snapshot|home_page_snapshot
PNR,US,non,80,ir_page_snapshot
PNW,US,non,60,ir_page_snapshot|home_page_snapshot
PODD,US,non,80,ir_page_snapshot
POOL,US,non,80,ir_page_snapshot
POWL,US,non,80,ir_page_snapshot
PPG,US,non,80,ir_page_snapshot
PPL,US,OUI,100,
PRU,US,non,80,ir_page_snapshot
PRY.MI,EU,OUI,100,
PSA,US,OUI,100,
PSKY,US,non,40,proxy_statement|ir_page_snapshot|home_page_snapshot
PSTG,US,non,80,ir_page_snapshot
PSX,US,OUI,100,
PTC,US,non,80,ir_page_snapshot
PWR,US,OUI,100,
PYPL,US,OUI,100,
Q,US,non,80,ir_page_snapshot
QCOM,US,OUI,100,
RBA,US,non,80,ir_page_snapshot
RCL,US,OUI,100,
RDDT,US,non,80,ir_page_snapshot
REG,US,non,80,ir_page_snapshot
REGN,US,non,80,ir_page_snapshot
REL.L,UK,OUI,100,
RF,US,non,80,ir_page_snapshot
RI.PA,EU,OUI,100,
RIVN,US,OUI,100,
RJF,US,non,60,ir_page_snapshot|home_page_snapshot
RL,US,non,60,ir_page_snapshot|home_page_snapshot
RMD,US,non,80,ir_page_snapshot
ROG.SW,EU,OUI,100,
ROK,US,OUI,100,
ROL,US,OUI,100,
ROP,US,non,60,ir_page_snapshot|home_page_snapshot
ROST,US,non,80,ir_page_snapshot
RRC,US,non,80,ir_page_snapshot
RS,US,non,80,ir_page_snapshot
RSG,US,non,80,home_page_snapshot
RTX,US,OUI,100,
RVTY,US,non,60,ir_page_snapshot|home_page_snapshot
RXL.PA,EU,OUI,100,
SAMPO.HE,EU,non,67,ir_page_snapshot
SAND.ST,EU,OUI,100,
SAP,FPI,non,33,ir_page_snapshot|home_page_snapshot
SATS,US,non,80,ir_page_snapshot
SBAC,US,non,60,ir_page_snapshot|home_page_snapshot
SBRY.L,UK,OUI,100,
SBUX,US,non,80,ir_page_snapshot
SCHW,US,non,60,ir_page_snapshot|home_page_snapshot
SCI,US,non,60,ir_page_snapshot|home_page_snapshot
SGSN.SW,EU,OUI,100,
SHL.DE,EU,OUI,100,
SHOP,FPI,OUI,100,
SHW,US,non,80,ir_page_snapshot
SIE.DE,EU,OUI,100,
SJM,US,non,80,ir_page_snapshot
SLB,US,non,80,ir_page_snapshot
SLHN.SW,EU,non,33,ir_page_snapshot|home_page_snapshot
SMCI,US,non,60,ir_page_snapshot|home_page_snapshot
SMTC,US,OUI,100,
SNA,US,OUI,100,
SNAP,US,non,60,proxy_statement|ir_page_snapshot
SNDK,US,non,80,ir_page_snapshot
SNPS,US,non,80,ir_page_snapshot
SO,US,non,80,ir_page_snapshot
SOFI,US,non,60,ir_page_snapshot|home_page_snapshot
SOLV,US,non,80,ir_page_snapshot
SOON.SW,EU,OUI,100,
SPG,US,non,60,ir_page_snapshot|home_page_snapshot
SPGI,US,non,60,ir_page_snapshot|home_page_snapshot
SPM.MI,EU,OUI,100,
SRE,US,OUI,100,
STE,US,non,80,ir_page_snapshot
STLD,US,non,80,ir_page_snapshot
STT,US,non,80,ir_page_snapshot
STX,US,non,60,ir_page_snapshot|home_page_snapshot
STZ,US,non,80,ir_page_snapshot
SW,US,non,80,ir_page_snapshot
SWK,US,non,60,ir_page_snapshot|home_page_snapshot
SWKS,US,OUI,100,
SYF,US,non,80,ir_page_snapshot
SYK,US,OUI,100,
SYY,US,OUI,100,
T,US,OUI,100,
TAP,US,OUI,100,
TD,FPI,OUI,100,
TDG,US,non,60,ir_page_snapshot|home_page_snapshot
TDY,US,OUI,100,
TECH,US,non,60,ir_page_snapshot|home_page_snapshot
TEL,US,non,60,ir_page_snapshot|home_page_snapshot
TEL2-B.ST,EU,non,67,ir_page_snapshot
TER,US,OUI,100,
TFC,US,OUI,100,
TGT,US,OUI,100,
TJX,US,non,60,ir_page_snapshot|home_page_snapshot
TKO,US,non,80,ir_page_snapshot
TMO,US,non,80,ir_page_snapshot
TMUS,US,non,60,ir_page_snapshot|home_page_snapshot
TPL,US,OUI,100,
TPR,US,OUI,100,
TRGP,US,non,60,ir_page_snapshot|home_page_snapshot
TRMB,US,OUI,100,
TROW,US,non,80,ir_page_snapshot
TRV,US,non,80,ir_page_snapshot
TSCO,US,non,60,ir_page_snapshot|home_page_snapshot
TSLA,US,non,60,ir_page_snapshot|home_page_snapshot
TSN,US,OUI,100,
TT,US,non,80,ir_page_snapshot
TTD,US,OUI,100,
TTE.PA,EU,OUI,100,
TTWO,US,non,80,ir_page_snapshot
TXN,US,non,80,ir_page_snapshot
TXT,US,non,80,ir_page_snapshot
TYL,US,OUI,100,
UAL,US,non,60,ir_page_snapshot|home_page_snapshot
UBER,US,non,80,ir_page_snapshot
UDR,US,OUI,100,
UHS,US,non,60,ir_page_snapshot|home_page_snapshot
UL,FPI,non,33,ir_page_snapshot|home_page_snapshot
ULTA,US,OUI,100,
UNH,US,OUI,100,
UNI.MI,EU,non,67,ir_page_snapshot
UNM,US,OUI,100,
UNP,US,non,80,ir_page_snapshot
UPM.HE,EU,OUI,100,
UPS,US,non,60,ir_page_snapshot|home_page_snapshot
URI,US,non,60,ir_page_snapshot|home_page_snapshot
URW.PA,EU,OUI,100,
USB,US,non,80,ir_page_snapshot
V,US,non,80,ir_page_snapshot
VEEV,US,OUI,100,
VIAV,US,OUI,100,
VICI,US,OUI,100,
VIE.PA,EU,non,67,ir_page_snapshot
VLO,US,non,80,ir_page_snapshot
VLTO,US,non,80,ir_page_snapshot
VMC,US,OUI,100,
VNA.DE,EU,OUI,100,
VOW.DE,EU,OUI,100,
VRSK,US,OUI,100,
VRSN,US,non,80,ir_page_snapshot
VRT,US,non,80,ir_page_snapshot
VRTX,US,non,60,ir_page_snapshot|home_page_snapshot
VST,US,non,80,ir_page_snapshot
VTR,US,non,80,ir_page_snapshot
VTRS,US,OUI,100,
VWS.CO,EU,non,67,ir_page_snapshot
VZ,US,OUI,100,
WAB,US,non,80,ir_page_snapshot
WAT,US,non,60,ir_page_snapshot|home_page_snapshot
WBD,US,non,80,ir_page_snapshot
WDAY,US,non,80,ir_page_snapshot
WDC,US,non,80,ir_page_snapshot
WEC,US,non,80,ir_page_snapshot
WELL,US,OUI,100,
WFC,US,OUI,100,
WM,US,non,80,ir_page_snapshot
WMB,US,non,80,ir_page_snapshot
WMS,US,non,80,ir_page_snapshot
WMT,US,non,60,ir_page_snapshot|home_page_snapshot
WRB,US,non,80,ir_page_snapshot
WSM,US,non,80,ir_page_snapshot
WST,US,non,80,ir_page_snapshot
WTW,US,non,60,ir_page_snapshot|home_page_snapshot
WWD,US,non,80,ir_page_snapshot
WY,US,OUI,100,
WYNN,US,non,80,ir_page_snapshot
XEL,US,non,60,ir_page_snapshot|home_page_snapshot
XOM,US,OUI,100,
XYL,US,OUI,100,
XYZ,US,non,80,ir_page_snapshot
YAR.OL,EU,OUI,100,
YUM,US,non,80,ir_page_snapshot
ZBH,US,non,80,ir_page_snapshot
ZBRA,US,non,80,ir_page_snapshot
ZTS,US,non,80,ir_page_snapshot
